Identificacion;Nombre;Apellido;Telefono;Fecha Nacimiento;Tipo;Especialidad
1014002455;Isabela;Betancur;3437151930;12/03/1984;Cliente;
1014019418;Juan;Alzate;3252105758;13/07/1987;Cliente;
1014166226;Isabella;Escobar;3150339356;9/11/1988;Cliente;
1014433488;Juan;Rodriguez;3242557898;14/11/1977;Cliente;
1014773998;Angel;Londoño;3372290554;22/07/1976;Cliente;
1015141528;Esteban;Gil;3128197184;5/06/1981;Cliente;
1015916496;Esteban;Barrera;3155681884;27/04/1987;Cliente;
1016133613;Santiago;Gaviria;3031521231;24/10/1959;Cliente;
1017009140;Juan;Ramirez;3073085559;22/09/1987;Empleado;1014
1017063512;Sebastian;Vallejo;3050509311;18/03/1995;Cliente;
1017504976;Miguel;Gomez;3413918923;29/04/1990;Cliente;
1019539470;Andrés;Lopez;3409677856;3/10/1982;Cliente;
1019815294;Manuel;Valencia;3242518965;7/11/1960;Cliente;
1019931897;Miguel;Murillo;3042152279;3/03/2007;Cliente;
1020013425;Miguel;Cardona;3187412715;18/05/1988;Cliente;
1020940370;Juan;Muñoz;3035950860;3/01/1988;Empleado;1009
1020963240;Kevin;Cardona;3414514635;16/05/2007;Cliente;
1023118046;Luis;Zuleta;3236599785;15/05/1992;Cliente;
1023733518;Luis;Lopez;3049272564;14/11/1993;Cliente;
1024124636;Alexander;Lopez;3377535086;26/03/1981;Cliente;
1024127004;Angel;Gil;3296737379;14/08/2002;Cliente;
1024593005;Santiago;Pino;3408383230;8/03/2003;Empleado;1020
1024726674;Camila;Gil;3135316821;16/02/1989;Cliente;
1024903580;Juan;Lotero;3068604607;20/08/1986;Cliente;
1026087392;Juan;Arenas;3320366762;15/07/1966;Cliente;
1027093483;Santiago;Mejia;3097805038;18/01/1992;Empleado;1008
1027944742;Angel;Vélez;3138795446;8/12/1992;Empleado;1013
1028006953;Juan;Romero;3177559431;16/04/1959;Cliente;
1028111662;Cristian;Ruiz;3148913739;15/05/2008;Cliente;
1028617062;Juan;Mejia;3210945135;23/04/1990;Cliente;
1028648436;Jose;Arboleda;3491121686;10/03/1980;Cliente;
1029337079;Sara;Rodriguez;3406599154;13/06/1975;Cliente;
1029810064;Thomas;Layos;3274188070;13/06/1993;Cliente;
1030568069;Mariana;Rodriguez;3096099964;30/12/1996;Cliente;
1032346225;Sebastian;Urrego;3366597099;4/09/1973;Cliente;
1032409145;Elias;Avila;3173239238;27/11/1968;Cliente;
1032518631;Juan;Franco;3035897653;14/11/2000;Cliente;
1032757796;Melany;Ruiz;3334328523;3/07/2001;Cliente;
1033185889;David;Velez;3357640420;26/10/1977;Cliente;
1034891536;Sara;Orlas;3252888085;19/11/1986;Cliente;
1035777554;Camilo;Taborda;3160325639;30/03/1977;Cliente;
1036195700;Alexander;Layos;3247045019;21/05/1982;Cliente;
1036372542;Juan;Vargas;3215207298;17/03/1985;Cliente;
1036776626;Stiven;Cabrera;3104198405;17/08/1978;Cliente;
1037236707;Cristian;Muñoz;3123234558;12/05/1984;Cliente;
1037398488;Miguel;Restrepo;3225206055;20/01/2003;Cliente;
1037596339;Angel;Gil;3334863290;17/07/2003;Cliente;
1037767666;Juan;Herrera;3125599992;23/01/1959;Empleado;1003
1037910612;Santiago;Bedoya;3300606828;5/11/1986;Cliente;
1037975923;Guillermo;Velasquez;3114418303;1/02/1976;Cliente;
1038443625;Jorman;Zapata;3142460818;4/07/1962;Cliente;
1038776733;Luna;Calderon;3293369368;9/12/1968;Cliente;
1038838662;Juana;Lotero;3453087165;12/04/1963;Cliente;
1038978305;Felipe;Muñoz;3066732853;27/05/1977;Empleado;1016
1039227124;Nicole;Henao;3033180730;13/08/2005;Cliente;
1040119339;Jhojans;Giraldo;3119891766;21/07/1994;Cliente;
1040225234;Angel;Lopera;3218216211;21/05/1985;Cliente;
1040434880;Juan;Vargas;3164685270;27/05/1974;Cliente;
1040453261;Esteban;Guevara;3385270495;31/07/1999;Empleado;1020
1042041994;Maximiliano;Taborda;3179794756;14/01/1972;Cliente;
1042176851;Santiago;Lopez;3247201339;24/03/1988;Cliente;
1043014576;Samuel;Jimenez;3156709702;30/03/1964;Empleado;1014
1043251498;Pablo;Obando;3426481437;2/02/1973;Cliente;
1043381443;Duvan;Valencia;3429314962;21/10/1991;Cliente;
1044239764;Jose;Henao;3123329814;27/11/1974;Cliente;
1044246123;Camila;Romero;3391599302;19/10/1972;Cliente;
1044560608;Jose;Vallejo;3017684529;15/01/1962;Cliente;
1044610644;Camila;Zapata;3238023893;4/08/1981;Cliente;
1045164392;Pablo;Martinez;3042145814;22/08/1966;Cliente;
1045947210;Esteban;Rengifo;3013774307;9/06/1976;Cliente;
1046701373;Andrés;Arango;3421508784;10/11/1999;Cliente;
1046997390;Laura;Pulgarin;3329371853;17/12/2006;Cliente;
1047573836;Manuela;Monsalve;3016758414;5/08/1988;Cliente;
1048187504;David;Barrera;3051662501;28/05/2005;Cliente;
1048720673;Jhonatan;Serna;3180829459;5/09/1960;Cliente;
1049312026;Jhonatan;Ocampo;3500355043;1/03/1981;Empleado;1002
1050017840;Juan;Ruiz;3295457116;9/06/1995;Cliente;
1050049043;Thomas;Cardona;3455966157;11/06/1959;Cliente;
1050778623;Brayan;Builes;3293716832;12/09/1961;Cliente;
1050789287;Luis;Garcia;3369855195;21/12/1997;Cliente;
1051078896;Cristian;Martinez;3209881374;23/01/1963;Cliente;
1052377090;Esteban;Ciro;3051672556;11/01/1976;Cliente;
1052670064;José;Zapata;3063843611;22/01/2001;Cliente;
1053323168;Edidson;Hoyos;3011006158;15/04/2001;Cliente;
1054384931;Felipe;Lopez;3081679472;8/04/1965;Cliente;
1054765816;Melany;Ospina;3457436375;25/04/1969;Cliente;
1054832218;Mariana;Acuña;3090336316;24/09/1996;Cliente;
1055616722;Kevin;Pulgarin;3194853586;30/07/1983;Empleado;1012
1055636785;Felipe;Franco;3326925093;27/07/2008;Cliente;
1055978347;Julián;Castro;3349590646;9/01/1991;Empleado;1011
1056005107;José;Lacera;3084841370;31/05/1975;Cliente;
1056389276;Esneider;Fuentes;3446270782;20/05/1963;Cliente;
1056819565;Giovanni;Serrano;3354051068;24/05/2005;Cliente;
1057914020;David;Zapata;3114263355;23/06/1962;Cliente;
1058321779;Maria;Posada;3196449171;14/08/1997;Cliente;
1058868963;Juan;Arenas;3095510498;8/10/1967;Cliente;
1059015186;Julián;Sánchez;3391783581;9/06/1983;Cliente;
1059052781;Julian;Lotero;3240140660;9/01/2004;Administrador;
1059613823;Felipe;Naranjo;3179156478;14/06/1990;Cliente;
1059932059;Juan;Gomez;3100644329;1/07/1967;Cliente;
1060240501;Leidy;Bedoya;3077853604;9/07/1996;Cliente;
1060810353;Kevin;Usuga;3194462986;15/06/1998;Cliente;
1062671603;Duvan;Angulo;3440952537;14/02/1990;Cliente;
1063178308;Esteban;Zuluaga;3218417800;26/12/2002;Cliente;
1063618903;Santiago;Ospina;3389971581;11/09/1961;Empleado;1013
1063754133;Juan;Rodriguez;3493618614;29/09/1994;Cliente;
1064074027;Juan;Cuervo;3348896309;16/06/1974;Cliente;
1064547493;Juan;Sanchez;3465544120;7/11/1980;Cliente;
1064777724;Andres;Cuesta;3115199406;30/10/1978;Cliente;
1065745261;Johan;Henao;3303035629;21/03/1996;Cliente;
1066080350;Emmanuel;Gomez;3253547818;3/04/1986;Cliente;
1066427589;Juan;Ocampo;3168282806;8/04/1983;Cliente;
1066802525;Isaac;Sanchez;3356966819;18/09/1988;Empleado;1019
1067353893;Kevin;Duque;3392692316;20/05/1969;Cliente;
1067532049;Alejandro;Alzate;3283051707;17/08/1984;Cliente;
1067848710;Camilo;Guarin;3019896718;13/05/1979;Cliente;
1069178964;Miguel;Ortiz;3023351450;19/07/1985;Cliente;
1069704831;Esteban;Marin;3456054752;23/10/1998;Cliente;
1070675005;Camila;Jimenez;3019915123;28/11/1984;Cliente;
1070863321;David;Castrillon;3426573513;23/04/2007;Cliente;
1071456044;Sebastian;Cardona;3423166458;15/03/1993;Empleado;1017
1071475586;Yorman;Sánchez;3486103696;14/05/1995;Cliente;
1071581572;Jose;Escobar;3364995265;8/05/2006;Cliente;
1071832175;Duvan;Gutierrez;3124575376;28/01/1983;Cliente;
1072717913;Melany;Muñoz;3401485055;26/01/2006;Cliente;
1072995698;Miguel;Giraldo;3064429010;5/05/1963;Cliente;
1074442161;Jose;Arroyave;3501062735;16/07/1983;Cliente;
1074715776;Sofia;Ramirez;3212486895;26/12/2004;Cliente;
1075475160;Felipe;Florez;3041751154;11/11/1961;Cliente;
1075530680;Sara;Ciro;3482573594;13/07/1984;Cliente;
1076190200;Erika;Restrepo;3139774692;8/03/1998;Cliente;
1076266870;David;David;3386156611;28/08/1977;Empleado;1014
1076291068;Felipe;Suaza;3083356008;21/06/1981;Cliente;
1076786758;David;Perez;3064187980;16/04/1969;Empleado;1021
1076830974;Daniel;Obando;3423238243;1/03/2002;Cliente;
1076855627;Juan;Alzate;3106395679;25/04/1999;Cliente;
1077573843;Juan;Ramirez;3448666186;19/03/1982;Cliente;
1077593052;Octavio;Castillo;3299307863;26/12/1959;Cliente;
1079816092;Kevin;Carvajal;3235295019;26/06/1997;Cliente;
1080038643;Sebastian;Monsalve;3460131537;21/11/1997;Cliente;
1081035625;Esteban;Velez;3427645191;12/09/1999;Cliente;
1081253256;Angel;Franco;3428525479;26/01/2004;Cliente;
1082091683;Juan;Diaz;3443152596;24/09/1984;Cliente;
1082902066;José;Taborda;3095123262;4/11/1986;Cliente;
1082942346;Andrés;Herrera;3065871951;31/03/1982;Cliente;
1083357215;Samuel;Villada;3502278910;25/05/1958;Cliente;
1083481253;Andres;Cobos;3154252286;6/12/1995;Empleado;1005
1083805237;José;Sanchez;3299836097;1/04/1993;Cliente;
1083998443;Esneider;Ospina;3472422391;20/08/1977;Cliente;
1085114447;Cristian;Martinez;3237041508;12/07/1993;Cliente;
1085567107;Jose;Loaiza;3235759937;16/02/1999;Cliente;
1086516328;Santiago;Rodriguez;3057234911;30/07/1977;Cliente;
1087290561;Julian;Bolivar;3170007400;18/04/1989;Cliente;
1087476036;Andrés;Penagos;3219806294;30/10/1968;Cliente;
1088040201;Santiago;Chavarria;3369562349;12/10/1992;Cliente;
1088053430;Eric;Arboleda;3468416330;10/09/2005;Cliente;
1088201142;Maximiliano;Perez;3338149719;21/12/1985;Cliente;
1088553567;Sebastian;Lotero;3074714207;30/10/1983;Cliente;
1091329339;Juan;Franco;3031621860;15/06/2003;Cliente;
1091590256;Laura;Guarin;3135219538;6/07/1977;Cliente;
1091636692;Miguel;Serna;3176837748;22/01/2003;Empleado;1014
1091653434;Leidy;Velasquez;3319272171;5/07/1995;Administrador;
1091777400;Miguel;Guzman;3210815818;3/10/1988;Cliente;
1091829985;Manuel;Perez;3340955506;31/01/1982;Cliente;
1094534961;Angel;Lotero;3336050527;9/06/2003;Cliente;
1094926023;Oscar;Herrera;3379673310;30/12/1988;Cliente;
1096418053;Isabella;Ospina;3479259903;4/06/1976;Cliente;
1096464940;Mateo;Montes;3075509433;17/07/1957;Cliente;
1096665429;Jose;Giraldo;3036889380;3/07/1988;Empleado;1003
1096667569;Esteban;Cardona;3052826091;22/05/1986;Cliente;
1096933070;Brahian;Bermudez;3185268236;24/01/2003;Cliente;
1098046963;Yeferson;Cuesta;3341232989;27/09/1994;Cliente;
1098312235;Manuel;Henao;3148131078;21/12/2008;Cliente;
1098500375;Juan;Zapata;3336912787;28/03/1962;Cliente;
1098575013;Manuela;Castaño;3427370087;13/07/1968;Cliente;
1099149111;Wilmar;Tabares;3289935581;10/09/1995;Cliente;
1099542713;José;Taborda;3053977288;20/03/1993;Cliente;
1100242275;Andres;Arboleda;3082349521;7/11/1959;Cliente;
1100793154;Jhonatan;David;3027740097;31/08/1970;Cliente;
1100969715;Samuel;Arcila;3203400395;9/03/1958;Cliente;
1101676922;Estiven;Zuleta;3010847412;30/01/1987;Cliente;
1101847301;Juan;Alzate;3470466350;28/05/1996;Cliente;
1102389101;Alexander;Arenas;3369140640;13/07/2005;Empleado;1006
1102607163;Daniela;Arango;3360546588;19/02/1974;Cliente;
1103598290;Esteban;Tabares;3111449519;17/03/2001;Cliente;
1103608408;Karen;Sanabria;3106146904;27/03/1964;Cliente;
1103987782;Edidson;Arango;3090201908;4/06/1961;Cliente;
1104804473;Andrés;Restrepo;3138631573;1/09/1970;Empleado;1017
1104809288;José;Martinez;3433983203;1/12/1958;Cliente;
1105000289;Jorman;Muñoz;3174314236;4/09/1982;Cliente;
1105031085;Julian;Gallego;3021489187;4/09/1994;Cliente;
1105139409;Cristian;Perez;3359748286;12/03/1997;Cliente;
1105294301;Esteban;Montoya;3334268250;6/05/1981;Cliente;
1105846718;Daniel;Zapata;3255181429;17/01/1993;Cliente;
1105908843;María;Marin;3108031458;12/12/1957;Cliente;
1106482047;Jhonatan;Orlas;3466443255;1/11/1965;Cliente;
1106710637;Kevin;Gonzalez;3101183725;23/10/1957;Cliente;
1107031414;Vanessa;Muñoz;3045026472;13/11/1968;Cliente;
1107386781;Andrés;Ciro;3183019231;18/10/1981;Cliente;
1107397899;Jhonatan;Atencia;3420115673;12/11/1965;Cliente;
1107610656;David;Quiroz;3271230500;16/05/1980;Cliente;
1107908646;Esteban;Valencia;3443201759;6/03/1986;Empleado;1020
1108463234;Esteban;Metaute;3383408977;11/11/1971;Empleado;1004
1108484138;Miguel;Giraldo;3427489042;21/09/1990;Cliente;
1108889868;Guillermo;Guevara;3056122407;30/05/2000;Empleado;1021
1109856436;Thomas;Isaza;3176649450;14/09/1990;Cliente;
1109922952;Alexander;Muñoz;3108744040;1/03/1975;Empleado;1021
1110015116;Cristian;García;3352262502;13/12/1990;Empleado;1003
1110096944;Camila;Martinez;3200945118;26/03/1969;Cliente;
1110318576;Octavio;Villa;3060004042;11/08/2007;Cliente;
1112136332;Estiven;Jimenez;3354173720;18/09/1988;Empleado;1017
1112921879;Juan;Morales;3074268150;9/07/1969;Cliente;
1113679591;Andres;Orrego;3090492631;16/09/1964;Cliente;
1113817215;Jorman;Ferraro;3061728475;9/07/1984;Cliente;
1113951498;Brahian;Ferraro;3206772880;25/05/2007;Cliente;
1114104730;Diego;Restrepo;3217993987;4/12/1992;Empleado;1009
1114822168;Jose;Chavarria;3264779719;25/06/2008;Cliente;
1115275089;Juan;Sanabria;3270242452;29/12/1995;Cliente;
1115469499;Fabio;Ceballos;3224177220;12/07/1994;Cliente;
1116393550;Sebastian;Serna;3308697113;17/08/1971;Empleado;1002
1116731277;Kevin;Regino;3148952399;11/04/1960;Cliente;
1116885969;Juan;Ospina;3268641669;30/01/1991;Cliente;
1117269099;Felipe;Valencia;3017714980;18/08/1973;Empleado;1011
1117290801;Mateo;Carvajal;3397258891;27/02/1984;Cliente;
1117442598;Kevin;Obando;3183170096;9/05/1974;Cliente;
1118313790;Camila;Herrera;3304734898;8/10/2003;Cliente;
1118706711;Maria;Avila;3037306121;15/11/1979;Cliente;
1118850325;Andres;Varela;3334584355;17/10/1960;Cliente;
1119420884;Angel;Grisales;3097065713;4/10/1996;Cliente;
1119614940;Samuel;Sanchez;3452102169;7/02/1959;Cliente;
1119844107;Esteban;Angel;3288391171;30/10/1970;Cliente;
1120268183;Angel;Graciano;3312559695;28/10/1967;Cliente;
1120767747;Fernando;Acevedo;3454940772;8/04/1967;Cliente;
1120882140;Maria;Sanabria;3276475252;6/10/1986;Cliente;
1121273463;Esneider;Lotero;3226424206;15/04/1980;Empleado;1001
1121309482;Antonio;Escobar;3213446098;19/04/1991;Cliente;
1121954402;Juan;Grisales;3130586578;17/05/1997;Cliente;
1122803820;Manuel;Graciano;3409058926;16/08/1987;Cliente;
1123030120;Miguel;Espinosa;3402674379;28/07/1978;Administrador;
1123325648;José;Sanchez;3474767648;6/09/1993;Cliente;
1124584269;Samuel;Cespedes;3198601022;5/03/2004;Cliente;
1125107422;Sebastian;Suaza;3379948944;22/06/1985;Cliente;
1125201917;Joel;Usuga;3486068508;3/08/1988;Cliente;
1125269769;Juan;Rodríguez;3314398155;19/03/1991;Cliente;
1125304826;Esteban;Ocampo;3058140847;9/08/1969;Cliente;
1125569542;Thomas;Graciano;3184838216;13/03/1988;Cliente;
1125765074;Isaac;Lopera;3250790492;18/04/1968;Cliente;
1126272278;Esteban;Cortes;3212917365;18/06/2002;Cliente;
1127676536;Juan;Zapata;3376042957;19/03/1978;Empleado;1001